dependency_id,app_id,app_name,library_name,version,ecosystem,license,dependency_type,parent_library,depth,last_updated,maintainer_count,has_security_policy,repo_stars,patched_in_build,vulnerable_function_used,linkage,modified_by_us
DEP-0001,APP-001,Payments-API,org.springframework.boot:spring-boot-starter-web,2.5.4,maven,Apache-2.0,direct,,1,2026-04-15,11,True,55198,False,False,dynamic,False
DEP-0002,APP-001,Payments-API,org.springframework.boot:spring-boot-starter-logging,2.5.4,maven,Apache-2.0,transitive,org.springframework.boot:spring-boot-starter-web,2,2024-11-17,24,True,26390,False,False,dynamic,False
DEP-0003,APP-001,Payments-API,org.apache.logging.log4j:log4j-core,2.14.1,maven,Apache-2.0,transitive,org.springframework.boot:spring-boot-starter-logging,3,2023-10-13,8,False,544,False,True,dynamic,False
DEP-0004,APP-001,Payments-API,org.apache.logging.log4j:log4j-api,2.14.1,maven,Apache-2.0,transitive,org.springframework.boot:spring-boot-starter-logging,3,2025-12-12,22,True,3888,False,False,dynamic,False
DEP-0005,APP-001,Payments-API,com.fasterxml.jackson.core:jackson-core,3.3.0,maven,LGPL-2.1,direct,,1,2023-05-07,11,False,43199,False,False,dynamic,False
DEP-0006,APP-001,Payments-API,org.apache.commons:commons-text,1.8.5,maven,Apache-2.0,direct,,1,2024-05-18,13,False,5506,False,True,dynamic,False
DEP-0007,APP-001,Payments-API,org.springframework:spring-beans,1.6.8,maven,Apache-2.0,direct,,1,2026-06-24,15,True,46164,True,False,dynamic,False
DEP-0008,APP-001,Payments-API,com.fasterxml.jackson.core:jackson-databind,2.2.8,maven,Apache-2.0,direct,,1,2023-04-25,19,False,20278,False,False,dynamic,False
DEP-0009,APP-001,Payments-API,ch.qos.logback:logback-classic,3.8.1,maven,BSD-3-Clause,direct,,1,2026-03-08,2,False,33775,False,False,dynamic,False
DEP-0010,APP-001,Payments-API,io.jsonwebtoken:jjwt,2.6.4,maven,AGPL-3.0,direct,,1,2025-06-02,5,True,54696,False,True,dynamic,False
DEP-0011,APP-001,Payments-API,org.thymeleaf:thymeleaf,2.2.9,maven,BSD-2-Clause,direct,,1,2023-07-16,25,False,50452,True,False,dynamic,False
DEP-0012,APP-001,Payments-API,com.zaxxer:HikariCP,2.11.7,maven,Apache-2.0,direct,,1,2026-06-03,6,True,46920,True,False,dynamic,False
DEP-0013,APP-001,Payments-API,xerces:xercesImpl,1.0.0,maven,Unlicense,direct,,1,2022-07-19,1,False,42387,False,True,dynamic,False
DEP-0014,APP-001,Payments-API,io.netty:netty-common,3.3.1,maven,ISC,direct,,1,2026-04-08,23,True,20189,False,False,dynamic,False
DEP-0015,APP-001,Payments-API,debug,4.2.3,npm,GPL-2.0,direct,,1,2025-03-21,3,False,24495,False,False,static,True
DEP-0016,APP-001,Payments-API,boto3,1.6.8,pypi,MPL-2.0,direct,,1,2026-04-24,8,True,50015,False,True,static,True
DEP-0017,APP-001,Payments-API,decode-uri-component,4.4.9,npm,LGPL-2.1,transitive,,1,2026-06-18,18,True,5334,False,True,static,True
DEP-0018,APP-001,Payments-API,beautifulsoup4,3.3.6,pypi,GPL-3.0,direct,,1,2026-03-08,16,True,41154,False,True,dynamic,True
DEP-0019,APP-001,Payments-API,cookie-parser,5.5.4,npm,MPL-2.0,direct,,1,2024-12-19,9,True,19387,False,True,static,True
DEP-0020,APP-001,Payments-API,serialize-javascript,6.17.2,npm,LGPL-3.0,direct,,1,2026-06-11,22,True,35022,False,True,static,True
DEP-0021,APP-001,Payments-API,org.springframework:spring-core,2.11.7,maven,Apache-2.0,transitive,,1,2022-01-01,8,False,48031,False,True,dynamic,False
DEP-0022,APP-001,Payments-API,commons-collections:commons-collections,1.4.7,maven,BSD-3-Clause,transitive,,1,2023-01-17,1,False,23963,False,False,dynamic,False
DEP-0023,APP-001,Payments-API,com.h2database:h2,0.3.12,maven,PSF-2.0,transitive,,1,2021-10-25,10,False,8159,False,True,dynamic,False
DEP-0024,APP-001,Payments-API,org.yaml:snakeyaml,0.1.12,maven,MIT,transitive,,1,2024-02-15,3,False,28486,False,False,dynamic,False
DEP-0025,APP-001,Payments-API,mysql:mysql-connector-java,5.12.9,maven,Apache-2.0,direct,,1,2021-06-01,20,False,28872,False,True,dynamic,False
DEP-0026,APP-001,Payments-API,commons-codec:commons-codec,2.13.0,maven,BSD-3-Clause,direct,,1,2021-04-23,9,False,42240,False,True,dynamic,False
DEP-0027,APP-001,Payments-API,org.quartz-scheduler:quartz,3.3.0,maven,EPL-2.0,direct,,1,2026-04-12,3,False,39678,False,False,dynamic,False
DEP-0028,APP-001,Payments-API,io.netty:netty-handler,4.0.1,maven,Apache-2.0,transitive,org.quartz-scheduler:quartz,2,2025-10-29,20,True,25535,False,True,dynamic,False
DEP-0029,APP-001,Payments-API,org.springframework:spring-web,5.13.8,maven,Apache-2.0,direct,,1,2026-05-17,22,True,37544,False,False,dynamic,False
DEP-0030,APP-001,Payments-API,org.freemarker:freemarker,2.5.3,maven,GPL-2.0,transitive,org.springframework:spring-web,2,2026-02-03,20,True,12848,False,False,dynamic,False
DEP-0031,APP-001,Payments-API,org.slf4j:slf4j-api,1.2.2,maven,PSF-2.0,direct,,1,2026-04-02,7,True,24582,False,False,dynamic,False
DEP-0032,APP-001,Payments-API,org.apache.struts:struts2-core,0.3.8,maven,Apache-2.0,transitive,org.slf4j:slf4j-api,2,2021-10-24,1,False,12623,False,False,dynamic,False
DEP-0033,APP-001,Payments-API,org.bouncycastle:bcprov-jdk15on,4.2.2,maven,ISC,transitive,,1,2026-05-19,11,True,54756,False,False,dynamic,False
DEP-0034,APP-001,Payments-API,paramiko,5.3.9,pypi,Apache-2.0,transitive,,1,2026-06-16,15,True,13744,False,True,dynamic,False
DEP-0035,APP-001,Payments-API,semver-regex,4.11.3,npm,BSD-2-Clause,direct,,1,2026-04-18,18,True,4945,False,True,dynamic,False
DEP-0036,APP-001,Payments-API,lxml,2.14.6,pypi,BSD-3-Clause,transitive,,1,2026-06-18,16,True,14213,False,True,dynamic,False
DEP-0037,APP-001,Payments-API,cryptography,4.20.6,pypi,MIT,direct,,1,2026-02-13,13,True,36539,False,False,dynamic,False
DEP-0038,APP-001,Payments-API,glob-parent,0.0.2,npm,Unlicense,transitive,,1,2024-12-20,9,True,30870,False,False,dynamic,False
DEP-0039,APP-001,Payments-API,nth-check,3.10.3,npm,Unlicense,direct,,1,2025-06-25,7,True,42750,False,False,dynamic,False
DEP-0040,APP-001,Payments-API,setuptools,3.1.3,pypi,LGPL-3.0,direct,,1,2026-05-20,20,True,36736,False,True,dynamic,False
DEP-0041,APP-001,Payments-API,tornado,2.3.1,pypi,MPL-2.0,transitive,,1,2026-04-07,7,True,2754,False,True,dynamic,False
DEP-0042,APP-001,Payments-API,react-dom,4.20.3,npm,PSF-2.0,direct,,1,2026-01-22,7,True,2834,False,True,dynamic,False
DEP-0043,APP-001,Payments-API,js-yaml,3.7.11,npm,LGPL-2.1,direct,,1,2026-05-17,17,True,52694,False,False,dynamic,False
DEP-0044,APP-001,Payments-API,certifi,1.4.11,pypi,Unlicense,direct,,1,2026-05-04,21,True,6641,False,True,dynamic,False
DEP-0045,APP-001,Payments-API,click,3.16.6,pypi,PSF-2.0,transitive,,1,2026-04-25,16,True,4407,False,False,dynamic,False
DEP-0046,APP-001,Payments-API,setuptools,1.12.4,pypi,LGPL-3.0,transitive,,1,2026-05-20,20,True,36736,False,True,dynamic,False
DEP-0047,APP-001,Payments-API,boto3,3.0.9,pypi,MPL-2.0,direct,,1,2026-04-24,8,True,50015,False,False,dynamic,False
DEP-0048,APP-001,Payments-API,js-yaml,5.14.9,npm,LGPL-2.1,direct,,1,2026-05-17,17,True,52694,False,False,dynamic,False
DEP-0049,APP-001,Payments-API,boto3,3.3.1,pypi,MPL-2.0,direct,,1,2026-04-24,8,True,50015,False,False,dynamic,False
DEP-0050,APP-001,Payments-API,setuptools,3.4.9,pypi,LGPL-3.0,direct,,1,2026-05-20,20,True,36736,False,False,dynamic,False
DEP-0051,APP-002,CustomerPortal-Web,vm2,2.3.1,npm,MIT,direct,,1,2026-02-01,7,True,57359,False,False,dynamic,False
DEP-0052,APP-002,CustomerPortal-Web,serialize-javascript,4.1.1,npm,LGPL-3.0,direct,,1,2026-06-11,22,True,35022,False,True,dynamic,False
DEP-0053,APP-002,CustomerPortal-Web,ejs,1.6.0,npm,BSD-2-Clause,direct,,1,2023-08-25,17,False,18008,False,True,dynamic,False
DEP-0054,APP-002,CustomerPortal-Web,cookie-parser,1.2.7,npm,MPL-2.0,direct,,1,2024-12-19,9,True,19387,False,True,dynamic,False
DEP-0055,APP-002,CustomerPortal-Web,socket.io,3.10.3,npm,Apache-2.0,direct,,1,2025-11-21,2,False,8501,False,True,dynamic,False
DEP-0056,APP-002,CustomerPortal-Web,left-pad,0.12.4,npm,ISC,direct,,1,2023-05-10,1,False,15934,False,False,dynamic,False
DEP-0057,APP-002,CustomerPortal-Web,marked,2.7.6,npm,EPL-2.0,direct,,1,2025-10-30,17,True,30861,False,True,dynamic,False
DEP-0058,APP-002,CustomerPortal-Web,lodash,5.12.8,npm,MIT,direct,,1,2026-06-17,21,True,55210,False,False,dynamic,False
DEP-0059,APP-002,CustomerPortal-Web,qs,3.8.8,npm,MPL-2.0,direct,,1,2026-02-09,17,True,11888,False,True,dynamic,False
DEP-0060,APP-002,CustomerPortal-Web,axios,2.13.9,npm,MIT,direct,,1,2023-12-31,5,False,12662,False,True,dynamic,False
DEP-0061,APP-002,CustomerPortal-Web,trim-newlines,1.10.4,npm,GPL-3.0,direct,,1,2025-09-13,11,True,25116,False,True,dynamic,False
DEP-0062,APP-002,CustomerPortal-Web,io.jsonwebtoken:jjwt,6.22.1,maven,AGPL-3.0,direct,,1,2025-06-02,5,True,54696,False,False,static,False
DEP-0063,APP-002,CustomerPortal-Web,y18n,3.5.5,npm,UNKNOWN,direct,,1,2026-04-11,16,True,33202,False,True,static,False
DEP-0064,APP-002,CustomerPortal-Web,starlette,4.4.5,pypi,UNKNOWN,direct,,1,2026-04-09,18,True,4362,False,False,static,True
DEP-0065,APP-002,CustomerPortal-Web,shell-quote,4.18.1,npm,UNKNOWN,transitive,,1,2024-01-24,2,False,27391,False,True,dynamic,False
DEP-0066,APP-002,CustomerPortal-Web,org.postgresql:postgresql,5.1.8,maven,GPL-3.0,direct,,1,2023-03-06,7,False,40736,False,False,static,False
DEP-0067,APP-002,CustomerPortal-Web,postcss,2.8.12,npm,PSF-2.0,transitive,,1,2024-01-20,14,False,15001,False,True,dynamic,False
DEP-0068,APP-002,CustomerPortal-Web,ws,5.15.8,npm,Apache-2.0,transitive,,1,2023-02-10,19,False,20568,False,True,dynamic,False
DEP-0069,APP-002,CustomerPortal-Web,express,2.13.3,npm,Apache-2.0,transitive,,1,2021-09-12,3,False,11045,False,True,dynamic,False
DEP-0070,APP-002,CustomerPortal-Web,jsonwebtoken,5.19.7,npm,Unlicense,direct,,1,2023-12-04,5,False,58263,False,False,dynamic,False
DEP-0071,APP-002,CustomerPortal-Web,xmldom,0.10.1,npm,Unlicense,direct,,1,2023-05-22,1,False,48221,False,True,dynamic,False
DEP-0072,APP-002,CustomerPortal-Web,underscore,2.20.1,npm,Apache-2.0,transitive,,1,2024-05-24,1,False,56773,False,True,dynamic,False
DEP-0073,APP-002,CustomerPortal-Web,js-yaml,0.11.8,npm,LGPL-2.1,direct,,1,2026-05-17,17,True,52694,False,False,dynamic,False
DEP-0074,APP-002,CustomerPortal-Web,body-parser,1.1.5,npm,LGPL-2.1,transitive,js-yaml,2,2023-06-14,12,False,37262,False,True,dynamic,False
DEP-0075,APP-002,CustomerPortal-Web,nth-check,0.3.2,npm,Unlicense,direct,,1,2025-06-25,7,True,42750,False,False,dynamic,False
DEP-0076,APP-002,CustomerPortal-Web,babel-core,1.8.1,npm,BSD-3-Clause,transitive,nth-check,2,2026-02-20,20,True,29504,False,False,dynamic,False
DEP-0077,APP-002,CustomerPortal-Web,glob-parent,1.9.2,npm,Unlicense,direct,,1,2024-12-20,9,True,30870,False,False,dynamic,False
DEP-0078,APP-002,CustomerPortal-Web,minimist,0.4.9,npm,Apache-2.0,transitive,glob-parent,2,2026-05-24,18,True,10682,False,False,dynamic,False
DEP-0079,APP-002,CustomerPortal-Web,decode-uri-component,2.10.2,npm,LGPL-2.1,direct,,1,2026-06-18,18,True,5334,False,False,dynamic,False
DEP-0080,APP-002,CustomerPortal-Web,handlebars,2.1.8,npm,GPL-2.0,transitive,decode-uri-component,2,2021-01-26,23,False,40673,False,True,dynamic,False
DEP-0081,APP-002,CustomerPortal-Web,semver-regex,4.9.6,npm,BSD-2-Clause,direct,,1,2026-04-18,18,True,4945,False,False,dynamic,False
DEP-0082,APP-002,CustomerPortal-Web,tar,2.7.6,npm,LGPL-3.0,transitive,semver-regex,2,2026-03-02,16,True,31768,False,True,dynamic,False
DEP-0083,APP-002,CustomerPortal-Web,react-dom,0.12.1,npm,PSF-2.0,transitive,,1,2026-01-22,7,True,2834,False,False,dynamic,False
DEP-0084,APP-002,CustomerPortal-Web,click,4.14.12,pypi,PSF-2.0,transitive,,1,2026-04-25,16,True,4407,False,True,dynamic,False
DEP-0085,APP-002,CustomerPortal-Web,lxml,0.10.8,pypi,BSD-3-Clause,direct,,1,2026-06-18,16,True,14213,False,False,dynamic,False
DEP-0086,APP-002,CustomerPortal-Web,org.apache.logging.log4j:log4j-api,2.13.7,maven,Apache-2.0,direct,,1,2025-12-12,22,True,3888,False,False,dynamic,False
DEP-0087,APP-002,CustomerPortal-Web,paramiko,0.8.12,pypi,Apache-2.0,direct,,1,2026-06-16,15,True,13744,False,False,dynamic,False
DEP-0088,APP-002,CustomerPortal-Web,org.quartz-scheduler:quartz,3.7.1,maven,EPL-2.0,transitive,,1,2026-04-12,3,False,39678,False,True,dynamic,False
DEP-0089,APP-002,CustomerPortal-Web,org.bouncycastle:bcprov-jdk15on,2.11.1,maven,ISC,direct,,1,2026-05-19,11,True,54756,False,True,dynamic,False
DEP-0090,APP-002,CustomerPortal-Web,setuptools,0.1.3,pypi,LGPL-3.0,direct,,1,2026-05-20,20,True,36736,False,True,dynamic,False
DEP-0091,APP-002,CustomerPortal-Web,boto3,5.16.6,pypi,MPL-2.0,transitive,,1,2026-04-24,8,True,50015,False,False,dynamic,False
DEP-0092,APP-002,CustomerPortal-Web,certifi,3.8.0,pypi,Unlicense,direct,,1,2026-05-04,21,True,6641,False,False,dynamic,False
DEP-0093,APP-002,CustomerPortal-Web,tornado,1.12.10,pypi,MPL-2.0,direct,,1,2026-04-07,7,True,2754,False,False,dynamic,False
DEP-0094,APP-002,CustomerPortal-Web,org.springframework.boot:spring-boot-starter-logging,5.9.10,maven,Apache-2.0,direct,,1,2024-11-17,24,True,26390,False,True,dynamic,False
DEP-0095,APP-002,CustomerPortal-Web,org.slf4j:slf4j-api,4.14.5,maven,PSF-2.0,direct,,1,2026-04-02,7,True,24582,False,False,dynamic,False
DEP-0096,APP-002,CustomerPortal-Web,cryptography,1.5.5,pypi,MIT,direct,,1,2026-02-13,13,True,36539,False,True,dynamic,False
DEP-0097,APP-002,CustomerPortal-Web,org.springframework:spring-web,4.17.7,maven,Apache-2.0,transitive,,1,2026-05-17,22,True,37544,False,False,dynamic,False
DEP-0098,APP-002,CustomerPortal-Web,semver-regex,5.3.7,npm,BSD-2-Clause,transitive,,1,2026-04-18,18,True,4945,False,True,dynamic,False
DEP-0099,APP-002,CustomerPortal-Web,org.apache.logging.log4j:log4j-api,5.0.9,maven,Apache-2.0,transitive,,1,2025-12-12,22,True,3888,False,False,dynamic,False
DEP-0100,APP-002,CustomerPortal-Web,org.springframework.boot:spring-boot-starter-logging,3.18.8,maven,Apache-2.0,transitive,,1,2024-11-17,24,True,26390,False,False,dynamic,False
DEP-0101,APP-003,FraudDetection-Engine,urllib3,0.6.0,pypi,MIT,direct,,1,2026-05-21,14,True,31249,False,True,dynamic,False
DEP-0102,APP-003,FraudDetection-Engine,chardet,2.5.7,pypi,PSF-2.0,direct,,1,2021-10-07,1,False,20291,True,True,dynamic,False
DEP-0103,APP-003,FraudDetection-Engine,django,3.7.6,pypi,ISC,direct,,1,2023-03-02,25,False,3662,False,True,dynamic,False
DEP-0104,APP-003,FraudDetection-Engine,pydantic,1.5.4,pypi,EPL-2.0,direct,,1,2026-01-20,13,True,5834,False,True,dynamic,False
DEP-0105,APP-003,FraudDetection-Engine,numpy,1.3.2,pypi,GPL-2.0,direct,,1,2026-06-03,18,True,18283,False,False,dynamic,False
DEP-0106,APP-003,FraudDetection-Engine,sqlalchemy,2.3.1,pypi,EPL-2.0,direct,,1,2025-06-12,20,True,55133,False,True,dynamic,False
DEP-0107,APP-003,FraudDetection-Engine,werkzeug,4.14.8,pypi,GPL-3.0,direct,,1,2025-11-15,22,True,23236,False,True,dynamic,False
DEP-0108,APP-003,FraudDetection-Engine,flask,4.6.2,pypi,GPL-3.0,direct,,1,2023-02-10,4,False,43748,True,True,dynamic,False
DEP-0109,APP-003,FraudDetection-Engine,scikit-learn,0.1.1,pypi,BSD-3-Clause,direct,,1,2025-09-22,16,True,15769,False,False,dynamic,False
DEP-0110,APP-003,FraudDetection-Engine,pyyaml,2.15.6,pypi,PSF-2.0,direct,,1,2025-11-03,17,True,45303,False,False,dynamic,False
DEP-0111,APP-003,FraudDetection-Engine,async,6.20.0,npm,EPL-2.0,transitive,,1,2023-07-30,25,False,3348,False,False,static,True
DEP-0112,APP-003,FraudDetection-Engine,qs,6.19.0,npm,MPL-2.0,direct,,1,2026-02-09,17,True,11888,False,True,static,True
DEP-0113,APP-003,FraudDetection-Engine,org.quartz-scheduler:quartz,0.12.1,maven,EPL-2.0,transitive,,1,2026-04-12,3,False,39678,False,True,static,True
DEP-0114,APP-003,FraudDetection-Engine,fastapi,5.6.1,pypi,LGPL-2.1,direct,,1,2026-06-22,25,True,37660,False,True,static,True
DEP-0115,APP-003,FraudDetection-Engine,io.jsonwebtoken:jjwt,6.22.4,maven,AGPL-3.0,transitive,,1,2025-06-02,5,True,54696,False,False,static,False
DEP-0116,APP-003,FraudDetection-Engine,marked,3.2.11,npm,EPL-2.0,direct,,1,2025-10-30,17,True,30861,False,True,static,True
DEP-0117,APP-003,FraudDetection-Engine,jinja2,2.6.2,pypi,GPL-3.0,direct,,1,2026-04-27,5,True,43934,False,False,dynamic,False
DEP-0118,APP-003,FraudDetection-Engine,protobuf,1.19.6,pypi,MIT,direct,,1,2023-09-26,14,False,2839,False,True,dynamic,False
DEP-0119,APP-003,FraudDetection-Engine,httpx,0.1.2,pypi,MPL-2.0,transitive,,1,2022-12-15,20,False,10334,False,False,dynamic,False
DEP-0120,APP-003,FraudDetection-Engine,aiohttp,1.8.1,pypi,Apache-2.0,transitive,,1,2024-02-01,12,False,57099,False,False,dynamic,False
DEP-0121,APP-003,FraudDetection-Engine,six,3.4.12,pypi,Apache-2.0,transitive,,1,2020-07-26,1,False,51985,False,True,dynamic,False
DEP-0122,APP-003,FraudDetection-Engine,python-jose,2.4.1,pypi,MIT,direct,,1,2021-09-21,22,False,2613,False,True,dynamic,False
DEP-0123,APP-003,FraudDetection-Engine,grpcio,1.9.3,pypi,ISC,transitive,,1,2024-04-26,2,False,1816,False,True,dynamic,False
DEP-0124,APP-003,FraudDetection-Engine,cryptography,3.13.3,pypi,MIT,direct,,1,2026-02-13,13,True,36539,False,False,dynamic,False
DEP-0125,APP-003,FraudDetection-Engine,matplotlib,1.15.4,pypi,BSD-2-Clause,transitive,cryptography,2,2021-08-21,4,False,31819,False,True,dynamic,False
DEP-0126,APP-003,FraudDetection-Engine,setuptools,3.0.9,pypi,LGPL-3.0,direct,,1,2026-05-20,20,True,36736,False,False,dynamic,False
DEP-0127,APP-003,FraudDetection-Engine,scipy,2.12.4,pypi,LGPL-3.0,transitive,setuptools,2,2022-05-14,22,False,29827,False,False,dynamic,False
DEP-0128,APP-003,FraudDetection-Engine,lxml,1.12.6,pypi,BSD-3-Clause,direct,,1,2026-06-18,16,True,14213,False,False,dynamic,False
DEP-0129,APP-003,FraudDetection-Engine,redis,0.9.8,pypi,PSF-2.0,transitive,lxml,2,2022-09-27,16,False,44532,False,True,dynamic,False
DEP-0130,APP-003,FraudDetection-Engine,click,1.16.10,pypi,PSF-2.0,direct,,1,2026-04-25,16,True,4407,False,False,dynamic,False
DEP-0131,APP-003,FraudDetection-Engine,idna,3.2.7,pypi,BSD-2-Clause,transitive,click,2,2026-07-03,22,True,30052,False,True,dynamic,False
DEP-0132,APP-003,FraudDetection-Engine,tornado,5.6.12,pypi,MPL-2.0,direct,,1,2026-04-07,7,True,2754,False,False,dynamic,False
DEP-0133,APP-003,FraudDetection-Engine,vm2,2.12.5,npm,MIT,transitive,tornado,2,2026-02-01,7,True,57359,False,False,dynamic,False
DEP-0134,APP-003,FraudDetection-Engine,paramiko,0.11.9,pypi,Apache-2.0,transitive,,1,2026-06-16,15,True,13744,False,False,dynamic,False
DEP-0135,APP-003,FraudDetection-Engine,certifi,2.20.4,pypi,Unlicense,direct,,1,2026-05-04,21,True,6641,False,True,dynamic,False
DEP-0136,APP-003,FraudDetection-Engine,boto3,4.14.7,pypi,MPL-2.0,direct,,1,2026-04-24,8,True,50015,False,False,dynamic,False
DEP-0137,APP-003,FraudDetection-Engine,semver-regex,3.0.1,npm,BSD-2-Clause,transitive,,1,2026-04-18,18,True,4945,False,False,dynamic,False
DEP-0138,APP-003,FraudDetection-Engine,decode-uri-component,4.10.4,npm,LGPL-2.1,direct,,1,2026-06-18,18,True,5334,False,False,dynamic,False
DEP-0139,APP-003,FraudDetection-Engine,org.springframework.boot:spring-boot-starter-logging,3.9.2,maven,Apache-2.0,direct,,1,2024-11-17,24,True,26390,False,False,dynamic,False
DEP-0140,APP-003,FraudDetection-Engine,js-yaml,4.19.8,npm,LGPL-2.1,direct,,1,2026-05-17,17,True,52694,False,False,dynamic,False
DEP-0141,APP-003,FraudDetection-Engine,nth-check,0.4.5,npm,Unlicense,transitive,,1,2025-06-25,7,True,42750,False,False,dynamic,False
DEP-0142,APP-003,FraudDetection-Engine,org.apache.logging.log4j:log4j-api,5.3.3,maven,Apache-2.0,direct,,1,2025-12-12,22,True,3888,False,False,dynamic,False
DEP-0143,APP-003,FraudDetection-Engine,org.slf4j:slf4j-api,0.4.12,maven,PSF-2.0,direct,,1,2026-04-02,7,True,24582,False,False,dynamic,False
DEP-0144,APP-003,FraudDetection-Engine,react-dom,0.11.7,npm,PSF-2.0,direct,,1,2026-01-22,7,True,2834,False,True,dynamic,False
DEP-0145,APP-003,FraudDetection-Engine,org.bouncycastle:bcprov-jdk15on,3.16.6,maven,ISC,direct,,1,2026-05-19,11,True,54756,False,False,dynamic,False
DEP-0146,APP-003,FraudDetection-Engine,glob-parent,1.20.11,npm,Unlicense,transitive,,1,2024-12-20,9,True,30870,False,False,dynamic,False
DEP-0147,APP-003,FraudDetection-Engine,org.springframework:spring-web,5.13.0,maven,Apache-2.0,transitive,,1,2026-05-17,22,True,37544,False,False,dynamic,False
DEP-0148,APP-003,FraudDetection-Engine,lxml,3.9.1,pypi,BSD-3-Clause,direct,,1,2026-06-18,16,True,14213,False,True,dynamic,False
DEP-0149,APP-003,FraudDetection-Engine,nth-check,0.19.3,npm,Unlicense,direct,,1,2025-06-25,7,True,42750,False,False,dynamic,False
DEP-0150,APP-003,FraudDetection-Engine,react-dom,5.10.8,npm,PSF-2.0,direct,,1,2026-01-22,7,True,2834,False,True,dynamic,False
DEP-0151,APP-004,TradingDesk-Gateway,org.springframework.boot:spring-boot-starter-web,2.5.4,maven,Apache-2.0,direct,,1,2026-04-15,11,True,55198,False,False,dynamic,False
DEP-0152,APP-004,TradingDesk-Gateway,org.springframework.boot:spring-boot-starter-logging,2.5.4,maven,Apache-2.0,transitive,org.springframework.boot:spring-boot-starter-web,2,2024-11-17,24,True,26390,False,False,dynamic,False
DEP-0153,APP-004,TradingDesk-Gateway,org.apache.logging.log4j:log4j-core,2.14.1,maven,Apache-2.0,transitive,org.springframework.boot:spring-boot-starter-logging,3,2023-10-13,8,False,544,False,True,dynamic,False
DEP-0154,APP-004,TradingDesk-Gateway,org.apache.logging.log4j:log4j-api,2.14.1,maven,Apache-2.0,transitive,org.springframework.boot:spring-boot-starter-logging,3,2025-12-12,22,True,3888,False,False,dynamic,False
DEP-0155,APP-004,TradingDesk-Gateway,io.jsonwebtoken:jjwt,2.9.2,maven,AGPL-3.0,direct,,1,2025-06-02,5,True,54696,False,False,dynamic,False
DEP-0156,APP-004,TradingDesk-Gateway,com.fasterxml.jackson.core:jackson-core,2.15.8,maven,LGPL-2.1,direct,,1,2023-05-07,11,False,43199,False,False,dynamic,False
DEP-0157,APP-004,TradingDesk-Gateway,com.google.guava:guava,2.2.6,maven,BSD-2-Clause,direct,,1,2023-03-04,12,False,19129,False,False,dynamic,False
DEP-0158,APP-004,TradingDesk-Gateway,org.springframework:spring-beans,3.3.5,maven,Apache-2.0,direct,,1,2026-06-24,15,True,46164,False,True,dynamic,False
DEP-0159,APP-004,TradingDesk-Gateway,com.zaxxer:HikariCP,4.2.5,maven,Apache-2.0,direct,,1,2026-06-03,6,True,46920,False,False,dynamic,False
DEP-0160,APP-004,TradingDesk-Gateway,org.thymeleaf:thymeleaf,2.6.1,maven,BSD-2-Clause,direct,,1,2023-07-16,25,False,50452,False,False,dynamic,False
DEP-0161,APP-004,TradingDesk-Gateway,xerces:xercesImpl,2.0.2,maven,Unlicense,direct,,1,2022-07-19,1,False,42387,True,False,dynamic,False
DEP-0162,APP-004,TradingDesk-Gateway,io.netty:netty-handler,1.10.5,maven,Apache-2.0,direct,,1,2025-10-29,20,True,25535,False,False,dynamic,False
DEP-0163,APP-004,TradingDesk-Gateway,org.apache.commons:commons-text,1.5.3,maven,Apache-2.0,direct,,1,2024-05-18,13,False,5506,False,True,dynamic,False
DEP-0164,APP-004,TradingDesk-Gateway,com.fasterxml.jackson.core:jackson-databind,2.6.0,maven,Apache-2.0,direct,,1,2023-04-25,19,False,20278,False,False,dynamic,False
DEP-0165,APP-004,TradingDesk-Gateway,requests,2.3.5,pypi,UNKNOWN,direct,,1,2022-03-30,22,False,28362,False,False,dynamic,False
DEP-0166,APP-004,TradingDesk-Gateway,werkzeug,6.19.4,pypi,GPL-3.0,direct,,1,2025-11-15,22,True,23236,False,True,dynamic,False
DEP-0167,APP-004,TradingDesk-Gateway,decode-uri-component,1.18.4,npm,LGPL-2.1,transitive,,1,2026-06-18,18,True,5334,False,True,static,True
DEP-0168,APP-004,TradingDesk-Gateway,org.apache.kafka:kafka-clients,4.14.10,maven,AGPL-3.0,direct,,1,2026-01-13,15,True,10030,False,False,static,True
DEP-0169,APP-004,TradingDesk-Gateway,debug,0.18.3,npm,GPL-2.0,direct,,1,2025-03-21,3,False,24495,False,False,static,False
DEP-0170,APP-004,TradingDesk-Gateway,flatmap-stream,4.20.7,npm,LGPL-3.0,direct,,1,2021-02-08,1,False,21533,False,False,static,True
DEP-0171,APP-004,TradingDesk-Gateway,commons-codec:commons-codec,5.6.10,maven,BSD-3-Clause,direct,,1,2021-04-23,9,False,42240,False,False,dynamic,False
DEP-0172,APP-004,TradingDesk-Gateway,mysql:mysql-connector-java,5.9.0,maven,Apache-2.0,transitive,,1,2021-06-01,20,False,28872,False,True,dynamic,False
DEP-0173,APP-004,TradingDesk-Gateway,org.springframework:spring-core,1.8.0,maven,Apache-2.0,transitive,,1,2022-01-01,8,False,48031,False,True,dynamic,False
DEP-0174,APP-004,TradingDesk-Gateway,com.h2database:h2,0.7.10,maven,PSF-2.0,direct,,1,2021-10-25,10,False,8159,False,True,dynamic,False
DEP-0175,APP-004,TradingDesk-Gateway,commons-collections:commons-collections,0.1.8,maven,BSD-3-Clause,direct,,1,2023-01-17,1,False,23963,False,False,dynamic,False
DEP-0176,APP-004,TradingDesk-Gateway,org.yaml:snakeyaml,2.14.9,maven,MIT,direct,,1,2024-02-15,3,False,28486,False,True,dynamic,False
DEP-0177,APP-004,TradingDesk-Gateway,org.springframework:spring-web,4.6.8,maven,Apache-2.0,direct,,1,2026-05-17,22,True,37544,False,False,dynamic,False
DEP-0178,APP-004,TradingDesk-Gateway,ch.qos.logback:logback-classic,2.7.4,maven,BSD-3-Clause,transitive,org.springframework:spring-web,2,2026-03-08,2,False,33775,False,True,dynamic,False
DEP-0179,APP-004,TradingDesk-Gateway,org.slf4j:slf4j-api,3.8.1,maven,PSF-2.0,direct,,1,2026-04-02,7,True,24582,False,False,dynamic,False
DEP-0180,APP-004,TradingDesk-Gateway,io.netty:netty-common,4.10.1,maven,ISC,transitive,org.slf4j:slf4j-api,2,2026-04-08,23,True,20189,False,False,dynamic,False
DEP-0181,APP-004,TradingDesk-Gateway,org.bouncycastle:bcprov-jdk15on,2.13.10,maven,ISC,direct,,1,2026-05-19,11,True,54756,False,False,dynamic,False
DEP-0182,APP-004,TradingDesk-Gateway,org.dom4j:dom4j,0.0.4,maven,BSD-3-Clause,transitive,org.bouncycastle:bcprov-jdk15on,2,2021-05-24,1,False,44458,False,False,dynamic,False
DEP-0183,APP-004,TradingDesk-Gateway,org.quartz-scheduler:quartz,1.6.5,maven,EPL-2.0,direct,,1,2026-04-12,3,False,39678,False,True,dynamic,False
DEP-0184,APP-004,TradingDesk-Gateway,glob-parent,3.18.11,npm,Unlicense,direct,,1,2024-12-20,9,True,30870,False,True,dynamic,False
DEP-0185,APP-004,TradingDesk-Gateway,lxml,4.8.11,pypi,BSD-3-Clause,direct,,1,2026-06-18,16,True,14213,False,False,dynamic,False
DEP-0186,APP-004,TradingDesk-Gateway,react-dom,2.7.2,npm,PSF-2.0,transitive,,1,2026-01-22,7,True,2834,False,False,dynamic,False
DEP-0187,APP-004,TradingDesk-Gateway,nth-check,0.16.5,npm,Unlicense,transitive,,1,2025-06-25,7,True,42750,False,False,dynamic,False
DEP-0188,APP-004,TradingDesk-Gateway,tornado,0.17.8,pypi,MPL-2.0,direct,,1,2026-04-07,7,True,2754,False,True,dynamic,False
DEP-0189,APP-004,TradingDesk-Gateway,click,0.9.8,pypi,PSF-2.0,direct,,1,2026-04-25,16,True,4407,False,False,dynamic,False
DEP-0190,APP-004,TradingDesk-Gateway,js-yaml,0.4.8,npm,LGPL-2.1,transitive,,1,2026-05-17,17,True,52694,False,False,dynamic,False
DEP-0191,APP-004,TradingDesk-Gateway,cryptography,3.17.9,pypi,MIT,direct,,1,2026-02-13,13,True,36539,False,False,dynamic,False
DEP-0192,APP-004,TradingDesk-Gateway,certifi,0.6.3,pypi,Unlicense,direct,,1,2026-05-04,21,True,6641,False,True,dynamic,False
DEP-0193,APP-004,TradingDesk-Gateway,semver-regex,4.20.10,npm,BSD-2-Clause,direct,,1,2026-04-18,18,True,4945,False,False,dynamic,False
DEP-0194,APP-004,TradingDesk-Gateway,paramiko,1.20.0,pypi,Apache-2.0,direct,,1,2026-06-16,15,True,13744,False,True,dynamic,False
DEP-0195,APP-004,TradingDesk-Gateway,setuptools,3.2.6,pypi,LGPL-3.0,direct,,1,2026-05-20,20,True,36736,False,False,dynamic,False
DEP-0196,APP-004,TradingDesk-Gateway,boto3,3.3.7,pypi,MPL-2.0,direct,,1,2026-04-24,8,True,50015,False,True,dynamic,False
DEP-0197,APP-004,TradingDesk-Gateway,decode-uri-component,3.10.4,npm,LGPL-2.1,transitive,,1,2026-06-18,18,True,5334,False,True,dynamic,False
DEP-0198,APP-004,TradingDesk-Gateway,js-yaml,3.3.5,npm,LGPL-2.1,direct,,1,2026-05-17,17,True,52694,False,True,dynamic,False
DEP-0199,APP-004,TradingDesk-Gateway,decode-uri-component,1.12.7,npm,LGPL-2.1,direct,,1,2026-06-18,18,True,5334,False,False,dynamic,False
DEP-0200,APP-004,TradingDesk-Gateway,org.bouncycastle:bcprov-jdk15on,5.4.5,maven,ISC,direct,,1,2026-05-19,11,True,54756,False,True,dynamic,False
DEP-0201,APP-005,MobileBanking-BFF,tar,0.5.0,npm,LGPL-3.0,direct,,1,2026-03-02,16,True,31768,False,True,dynamic,False
DEP-0202,APP-005,MobileBanking-BFF,minimist,2.5.9,npm,Apache-2.0,direct,,1,2026-05-24,18,True,10682,False,True,dynamic,False
DEP-0203,APP-005,MobileBanking-BFF,handlebars,2.0.6,npm,GPL-2.0,direct,,1,2021-01-26,23,False,40673,False,True,dynamic,False
DEP-0204,APP-005,MobileBanking-BFF,socket.io,3.13.0,npm,Apache-2.0,direct,,1,2025-11-21,2,False,8501,False,True,dynamic,False
DEP-0205,APP-005,MobileBanking-BFF,shell-quote,0.13.7,npm,UNKNOWN,direct,,1,2024-01-24,2,False,27391,True,False,dynamic,False
DEP-0206,APP-005,MobileBanking-BFF,lodash,0.1.3,npm,MIT,direct,,1,2026-06-17,21,True,55210,False,True,dynamic,False
DEP-0207,APP-005,MobileBanking-BFF,async,3.14.1,npm,EPL-2.0,direct,,1,2023-07-30,25,False,3348,False,True,dynamic,False
DEP-0208,APP-005,MobileBanking-BFF,qs,3.10.1,npm,MPL-2.0,direct,,1,2026-02-09,17,True,11888,True,True,dynamic,False
DEP-0209,APP-005,MobileBanking-BFF,serialize-javascript,4.6.8,npm,LGPL-3.0,direct,,1,2026-06-11,22,True,35022,False,False,dynamic,False
DEP-0210,APP-005,MobileBanking-BFF,vm2,2.6.7,npm,MIT,direct,,1,2026-02-01,7,True,57359,True,True,dynamic,False
DEP-0211,APP-005,MobileBanking-BFF,decode-uri-component,1.5.7,npm,LGPL-2.1,direct,,1,2026-06-18,18,True,5334,False,True,static,True
DEP-0212,APP-005,MobileBanking-BFF,pillow,3.11.2,pypi,UNKNOWN,direct,,1,2026-06-28,24,True,5452,False,True,dynamic,True
DEP-0213,APP-005,MobileBanking-BFF,com.fasterxml.jackson.core:jackson-core,5.6.12,maven,LGPL-2.1,direct,,1,2023-05-07,11,False,43199,False,True,static,True
DEP-0214,APP-005,MobileBanking-BFF,body-parser,3.14.4,npm,LGPL-2.1,transitive,,1,2023-06-14,12,False,37262,False,True,static,True
DEP-0215,APP-005,MobileBanking-BFF,httpx,1.14.9,pypi,MPL-2.0,direct,,1,2022-12-15,20,False,10334,False,False,static,True
DEP-0216,APP-005,MobileBanking-BFF,cookie-parser,5.3.4,npm,MPL-2.0,direct,,1,2024-12-19,9,True,19387,False,False,static,True
DEP-0217,APP-005,MobileBanking-BFF,jsonwebtoken,2.14.9,npm,Unlicense,transitive,,1,2023-12-04,5,False,58263,False,True,dynamic,False
DEP-0218,APP-005,MobileBanking-BFF,express,0.4.5,npm,Apache-2.0,transitive,,1,2021-09-12,3,False,11045,False,True,dynamic,False
DEP-0219,APP-005,MobileBanking-BFF,flatmap-stream,0.18.10,npm,LGPL-3.0,direct,,1,2021-02-08,1,False,21533,False,True,dynamic,False
DEP-0220,APP-005,MobileBanking-BFF,moment,1.4.2,npm,Apache-2.0,direct,,1,2022-07-26,1,False,40263,False,False,dynamic,False
DEP-0221,APP-005,MobileBanking-BFF,underscore,2.13.1,npm,Apache-2.0,direct,,1,2024-05-24,1,False,56773,False,False,dynamic,False
DEP-0222,APP-005,MobileBanking-BFF,postcss,3.15.4,npm,PSF-2.0,direct,,1,2024-01-20,14,False,15001,False,True,dynamic,False
DEP-0223,APP-005,MobileBanking-BFF,glob-parent,3.18.3,npm,Unlicense,direct,,1,2024-12-20,9,True,30870,False,False,dynamic,False
DEP-0224,APP-005,MobileBanking-BFF,axios,0.11.5,npm,MIT,transitive,glob-parent,2,2023-12-31,5,False,12662,False,True,dynamic,False
DEP-0225,APP-005,MobileBanking-BFF,nth-check,3.16.3,npm,Unlicense,direct,,1,2025-06-25,7,True,42750,False,False,dynamic,False
DEP-0226,APP-005,MobileBanking-BFF,ejs,1.7.4,npm,BSD-2-Clause,transitive,nth-check,2,2023-08-25,17,False,18008,False,True,dynamic,False
DEP-0227,APP-005,MobileBanking-BFF,semver-regex,0.5.12,npm,BSD-2-Clause,direct,,1,2026-04-18,18,True,4945,False,False,dynamic,False
DEP-0228,APP-005,MobileBanking-BFF,left-pad,3.5.0,npm,ISC,transitive,semver-regex,2,2023-05-10,1,False,15934,False,True,dynamic,False
DEP-0229,APP-005,MobileBanking-BFF,react-dom,1.2.6,npm,PSF-2.0,direct,,1,2026-01-22,7,True,2834,False,False,dynamic,False
DEP-0230,APP-005,MobileBanking-BFF,webpack,3.11.5,npm,AGPL-3.0,transitive,react-dom,2,2026-04-07,9,True,49821,False,False,dynamic,False
DEP-0231,APP-005,MobileBanking-BFF,js-yaml,0.0.4,npm,LGPL-2.1,direct,,1,2026-05-17,17,True,52694,False,False,dynamic,False
DEP-0232,APP-005,MobileBanking-BFF,marked,5.10.8,npm,EPL-2.0,transitive,js-yaml,2,2025-10-30,17,True,30861,False,True,dynamic,False
DEP-0233,APP-005,MobileBanking-BFF,click,2.10.11,pypi,PSF-2.0,direct,,1,2026-04-25,16,True,4407,False,True,dynamic,False
DEP-0234,APP-005,MobileBanking-BFF,cryptography,2.4.12,pypi,MIT,transitive,,1,2026-02-13,13,True,36539,False,False,dynamic,False
DEP-0235,APP-005,MobileBanking-BFF,org.quartz-scheduler:quartz,2.12.7,maven,EPL-2.0,direct,,1,2026-04-12,3,False,39678,False,False,dynamic,False
DEP-0236,APP-005,MobileBanking-BFF,org.bouncycastle:bcprov-jdk15on,5.4.12,maven,ISC,direct,,1,2026-05-19,11,True,54756,False,True,dynamic,False
DEP-0237,APP-005,MobileBanking-BFF,boto3,3.8.12,pypi,MPL-2.0,transitive,,1,2026-04-24,8,True,50015,False,False,dynamic,False
DEP-0238,APP-005,MobileBanking-BFF,org.springframework.boot:spring-boot-starter-logging,2.19.9,maven,Apache-2.0,direct,,1,2024-11-17,24,True,26390,False,True,dynamic,False
DEP-0239,APP-005,MobileBanking-BFF,setuptools,3.17.0,pypi,LGPL-3.0,direct,,1,2026-05-20,20,True,36736,False,False,dynamic,False
DEP-0240,APP-005,MobileBanking-BFF,org.slf4j:slf4j-api,4.0.11,maven,PSF-2.0,direct,,1,2026-04-02,7,True,24582,False,False,dynamic,False
DEP-0241,APP-005,MobileBanking-BFF,paramiko,5.1.2,pypi,Apache-2.0,transitive,,1,2026-06-16,15,True,13744,False,True,dynamic,False
DEP-0242,APP-005,MobileBanking-BFF,certifi,3.19.5,pypi,Unlicense,transitive,,1,2026-05-04,21,True,6641,False,True,dynamic,False
DEP-0243,APP-005,MobileBanking-BFF,org.apache.logging.log4j:log4j-api,0.18.4,maven,Apache-2.0,direct,,1,2025-12-12,22,True,3888,False,False,dynamic,False
DEP-0244,APP-005,MobileBanking-BFF,lxml,3.9.1,pypi,BSD-3-Clause,direct,,1,2026-06-18,16,True,14213,False,False,dynamic,False
DEP-0245,APP-005,MobileBanking-BFF,tornado,4.1.7,pypi,MPL-2.0,transitive,,1,2026-04-07,7,True,2754,False,False,dynamic,False
DEP-0246,APP-005,MobileBanking-BFF,org.springframework:spring-web,0.14.9,maven,Apache-2.0,transitive,,1,2026-05-17,22,True,37544,False,False,dynamic,False
DEP-0247,APP-005,MobileBanking-BFF,org.quartz-scheduler:quartz,2.12.9,maven,EPL-2.0,direct,,1,2026-04-12,3,False,39678,False,False,dynamic,False
DEP-0248,APP-005,MobileBanking-BFF,semver-regex,3.17.9,npm,BSD-2-Clause,direct,,1,2026-04-18,18,True,4945,False,True,dynamic,False
DEP-0249,APP-005,MobileBanking-BFF,setuptools,4.17.8,pypi,LGPL-3.0,direct,,1,2026-05-20,20,True,36736,False,False,dynamic,False
DEP-0250,APP-005,MobileBanking-BFF,cryptography,1.5.7,pypi,MIT,direct,,1,2026-02-13,13,True,36539,False,False,dynamic,False
DEP-0251,APP-006,RegReporting-Batch,scipy,2.8.3,pypi,LGPL-3.0,direct,,1,2022-05-14,22,False,29827,False,False,dynamic,False
DEP-0252,APP-006,RegReporting-Batch,idna,1.10.5,pypi,BSD-2-Clause,direct,,1,2026-07-03,22,True,30052,False,False,dynamic,False
DEP-0253,APP-006,RegReporting-Batch,flask,1.2.8,pypi,GPL-3.0,direct,,1,2023-02-10,4,False,43748,False,True,dynamic,False
DEP-0254,APP-006,RegReporting-Batch,numpy,4.9.4,pypi,GPL-2.0,direct,,1,2026-06-03,18,True,18283,False,True,dynamic,False
DEP-0255,APP-006,RegReporting-Batch,sqlalchemy,4.12.8,pypi,EPL-2.0,direct,,1,2025-06-12,20,True,55133,False,True,dynamic,False
DEP-0256,APP-006,RegReporting-Batch,pyyaml,5.10.1,pypi,PSF-2.0,direct,,1,2025-11-03,17,True,45303,True,True,dynamic,False
DEP-0257,APP-006,RegReporting-Batch,jinja2,1.9.4,pypi,GPL-3.0,direct,,1,2026-04-27,5,True,43934,False,True,dynamic,False
DEP-0258,APP-006,RegReporting-Batch,matplotlib,2.0.4,pypi,BSD-2-Clause,direct,,1,2021-08-21,4,False,31819,False,False,dynamic,False
DEP-0259,APP-006,RegReporting-Batch,chardet,2.1.7,pypi,PSF-2.0,direct,,1,2021-10-07,1,False,20291,True,False,dynamic,False
DEP-0260,APP-006,RegReporting-Batch,fastapi,3.15.5,pypi,LGPL-2.1,direct,,1,2026-06-22,25,True,37660,False,False,dynamic,False
DEP-0261,APP-006,RegReporting-Batch,org.apache.kafka:kafka-clients,1.14.6,maven,AGPL-3.0,transitive,,1,2026-01-13,15,True,10030,False,False,dynamic,False
DEP-0262,APP-006,RegReporting-Batch,org.quartz-scheduler:quartz,1.4.5,maven,EPL-2.0,direct,,1,2026-04-12,3,False,39678,False,True,static,True
DEP-0263,APP-006,RegReporting-Batch,setuptools,0.18.5,pypi,LGPL-3.0,direct,,1,2026-05-20,20,True,36736,False,True,static,True
DEP-0264,APP-006,RegReporting-Batch,com.fasterxml.jackson.core:jackson-core,2.8.10,maven,LGPL-2.1,direct,,1,2023-05-07,11,False,43199,False,True,static,True
DEP-0265,APP-006,RegReporting-Batch,boto3,3.4.8,pypi,MPL-2.0,direct,,1,2026-04-24,8,True,50015,False,True,static,True
DEP-0266,APP-006,RegReporting-Batch,marked,3.18.3,npm,EPL-2.0,transitive,,1,2025-10-30,17,True,30861,False,True,static,True
DEP-0267,APP-006,RegReporting-Batch,org.postgresql:postgresql,1.4.8,maven,GPL-3.0,direct,,1,2023-03-06,7,False,40736,False,False,dynamic,False
DEP-0268,APP-006,RegReporting-Batch,pip,3.18.10,pypi,ISC,direct,,1,2023-11-05,16,False,7117,False,False,dynamic,False
DEP-0269,APP-006,RegReporting-Batch,python-jose,1.0.10,pypi,MIT,direct,,1,2021-09-21,22,False,2613,False,True,dynamic,False
DEP-0270,APP-006,RegReporting-Batch,pandas,0.4.0,pypi,PSF-2.0,transitive,,1,2022-12-25,22,False,58570,False,True,dynamic,False
DEP-0271,APP-006,RegReporting-Batch,httpx,0.10.0,pypi,MPL-2.0,transitive,,1,2022-12-15,20,False,10334,False,False,dynamic,False
DEP-0272,APP-006,RegReporting-Batch,six,2.0.7,pypi,Apache-2.0,transitive,,1,2020-07-26,1,False,51985,False,False,dynamic,False
DEP-0273,APP-006,RegReporting-Batch,aiohttp,1.18.1,pypi,Apache-2.0,transitive,,1,2024-02-01,12,False,57099,False,True,dynamic,False
DEP-0274,APP-006,RegReporting-Batch,cryptography,4.0.0,pypi,MIT,direct,,1,2026-02-13,13,True,36539,False,False,dynamic,False
DEP-0275,APP-006,RegReporting-Batch,pydantic,3.6.4,pypi,EPL-2.0,transitive,cryptography,2,2026-01-20,13,True,5834,False,True,dynamic,False
DEP-0276,APP-006,RegReporting-Batch,tornado,0.12.8,pypi,MPL-2.0,direct,,1,2026-04-07,7,True,2754,False,False,dynamic,False
DEP-0277,APP-006,RegReporting-Batch,urllib3,0.0.0,pypi,MIT,transitive,tornado,2,2026-05-21,14,True,31249,False,True,dynamic,False
DEP-0278,APP-006,RegReporting-Batch,certifi,2.10.0,pypi,Unlicense,direct,,1,2026-05-04,21,True,6641,False,False,dynamic,False
DEP-0279,APP-006,RegReporting-Batch,django,5.1.8,pypi,ISC,transitive,certifi,2,2023-03-02,25,False,3662,False,False,dynamic,False
DEP-0280,APP-006,RegReporting-Batch,paramiko,4.5.1,pypi,Apache-2.0,direct,,1,2026-06-16,15,True,13744,False,False,dynamic,False
DEP-0281,APP-006,RegReporting-Batch,scikit-learn,1.3.2,pypi,BSD-3-Clause,transitive,paramiko,2,2025-09-22,16,True,15769,False,True,dynamic,False
DEP-0282,APP-006,RegReporting-Batch,lxml,3.5.2,pypi,BSD-3-Clause,direct,,1,2026-06-18,16,True,14213,False,False,dynamic,False
DEP-0283,APP-006,RegReporting-Batch,redis,2.15.3,pypi,PSF-2.0,transitive,lxml,2,2022-09-27,16,False,44532,False,True,dynamic,False
DEP-0284,APP-006,RegReporting-Batch,click,3.14.4,pypi,PSF-2.0,transitive,,1,2026-04-25,16,True,4407,False,False,dynamic,False
DEP-0285,APP-006,RegReporting-Batch,semver-regex,1.5.10,npm,BSD-2-Clause,direct,,1,2026-04-18,18,True,4945,False,False,dynamic,False
DEP-0286,APP-006,RegReporting-Batch,org.apache.logging.log4j:log4j-api,5.4.2,maven,Apache-2.0,direct,,1,2025-12-12,22,True,3888,False,True,dynamic,False
DEP-0287,APP-006,RegReporting-Batch,org.slf4j:slf4j-api,0.1.4,maven,PSF-2.0,transitive,,1,2026-04-02,7,True,24582,False,False,dynamic,False
DEP-0288,APP-006,RegReporting-Batch,nth-check,2.18.0,npm,Unlicense,direct,,1,2025-06-25,7,True,42750,False,True,dynamic,False
DEP-0289,APP-006,RegReporting-Batch,react-dom,4.7.1,npm,PSF-2.0,direct,,1,2026-01-22,7,True,2834,False,False,dynamic,False
DEP-0290,APP-006,RegReporting-Batch,org.springframework.boot:spring-boot-starter-logging,3.8.12,maven,Apache-2.0,direct,,1,2024-11-17,24,True,26390,False,True,dynamic,False
DEP-0291,APP-006,RegReporting-Batch,org.springframework:spring-web,3.10.1,maven,Apache-2.0,direct,,1,2026-05-17,22,True,37544,False,True,dynamic,False
DEP-0292,APP-006,RegReporting-Batch,org.bouncycastle:bcprov-jdk15on,5.15.12,maven,ISC,direct,,1,2026-05-19,11,True,54756,False,True,dynamic,False
DEP-0293,APP-006,RegReporting-Batch,js-yaml,4.4.12,npm,LGPL-2.1,transitive,,1,2026-05-17,17,True,52694,False,False,dynamic,False
DEP-0294,APP-006,RegReporting-Batch,decode-uri-component,1.11.0,npm,LGPL-2.1,direct,,1,2026-06-18,18,True,5334,False,False,dynamic,False
DEP-0295,APP-006,RegReporting-Batch,glob-parent,0.11.9,npm,Unlicense,transitive,,1,2024-12-20,9,True,30870,False,False,dynamic,False
DEP-0296,APP-006,RegReporting-Batch,lxml,2.0.1,pypi,BSD-3-Clause,transitive,,1,2026-06-18,16,True,14213,False,True,dynamic,False
DEP-0297,APP-006,RegReporting-Batch,tornado,3.2.3,pypi,MPL-2.0,transitive,,1,2026-04-07,7,True,2754,False,True,dynamic,False
DEP-0298,APP-006,RegReporting-Batch,org.bouncycastle:bcprov-jdk15on,2.14.0,maven,ISC,direct,,1,2026-05-19,11,True,54756,False,False,dynamic,False
DEP-0299,APP-006,RegReporting-Batch,decode-uri-component,3.11.4,npm,LGPL-2.1,direct,,1,2026-06-18,18,True,5334,False,True,dynamic,False
DEP-0300,APP-006,RegReporting-Batch,js-yaml,1.19.11,npm,LGPL-2.1,transitive,,1,2026-05-17,17,True,52694,False,True,dynamic,False
DEP-0301,APP-007,KYC-DocumentService,org.springframework.boot:spring-boot-starter-web,2.5.4,maven,Apache-2.0,direct,,1,2026-04-15,11,True,55198,False,False,dynamic,False
DEP-0302,APP-007,KYC-DocumentService,org.springframework.boot:spring-boot-starter-logging,2.5.4,maven,Apache-2.0,transitive,org.springframework.boot:spring-boot-starter-web,2,2024-11-17,24,True,26390,False,False,dynamic,False
DEP-0303,APP-007,KYC-DocumentService,org.apache.logging.log4j:log4j-core,2.14.1,maven,Apache-2.0,transitive,org.springframework.boot:spring-boot-starter-logging,3,2023-10-13,8,False,544,False,True,dynamic,False
DEP-0304,APP-007,KYC-DocumentService,org.apache.logging.log4j:log4j-api,2.14.1,maven,Apache-2.0,transitive,org.springframework.boot:spring-boot-starter-logging,3,2025-12-12,22,True,3888,False,False,dynamic,False
DEP-0305,APP-007,KYC-DocumentService,com.google.guava:guava,2.1.3,maven,BSD-2-Clause,direct,,1,2023-03-04,12,False,19129,False,True,dynamic,False
DEP-0306,APP-007,KYC-DocumentService,org.thymeleaf:thymeleaf,4.5.8,maven,BSD-2-Clause,direct,,1,2023-07-16,25,False,50452,False,False,dynamic,False
DEP-0307,APP-007,KYC-DocumentService,com.zaxxer:HikariCP,0.7.8,maven,Apache-2.0,direct,,1,2026-06-03,6,True,46920,False,False,dynamic,False
DEP-0308,APP-007,KYC-DocumentService,com.fasterxml.jackson.core:jackson-databind,2.6.3,maven,Apache-2.0,direct,,1,2023-04-25,19,False,20278,False,False,dynamic,False
DEP-0309,APP-007,KYC-DocumentService,com.fasterxml.jackson.core:jackson-core,2.5.8,maven,LGPL-2.1,direct,,1,2023-05-07,11,False,43199,True,False,dynamic,False
DEP-0310,APP-007,KYC-DocumentService,io.netty:netty-common,2.3.9,maven,ISC,direct,,1,2026-04-08,23,True,20189,False,False,dynamic,False
DEP-0311,APP-007,KYC-DocumentService,org.hibernate:hibernate-core,2.6.5,maven,GPL-2.0,direct,,1,2026-04-08,8,True,27723,True,True,dynamic,False
DEP-0312,APP-007,KYC-DocumentService,org.apache.commons:commons-text,1.7.8,maven,Apache-2.0,direct,,1,2024-05-18,13,False,5506,False,False,dynamic,False
DEP-0313,APP-007,KYC-DocumentService,org.dom4j:dom4j,0.3.5,maven,BSD-3-Clause,direct,,1,2021-05-24,1,False,44458,True,True,dynamic,False
DEP-0314,APP-007,KYC-DocumentService,xerces:xercesImpl,1.6.2,maven,Unlicense,direct,,1,2022-07-19,1,False,42387,False,True,dynamic,False
DEP-0315,APP-007,KYC-DocumentService,qs,6.19.6,npm,MPL-2.0,direct,,1,2026-02-09,17,True,11888,False,False,static,True
DEP-0316,APP-007,KYC-DocumentService,async,6.17.2,npm,EPL-2.0,transitive,,1,2023-07-30,25,False,3348,False,True,static,True
DEP-0317,APP-007,KYC-DocumentService,body-parser,3.13.4,npm,LGPL-2.1,direct,,1,2023-06-14,12,False,37262,False,True,static,True
DEP-0318,APP-007,KYC-DocumentService,io.jsonwebtoken:jjwt,6.24.3,maven,AGPL-3.0,direct,,1,2025-06-02,5,True,54696,False,False,dynamic,True
DEP-0319,APP-007,KYC-DocumentService,fastapi,5.4.2,pypi,LGPL-2.1,direct,,1,2026-06-22,25,True,37660,False,False,static,True
DEP-0320,APP-007,KYC-DocumentService,node-fetch,0.0.8,npm,AGPL-3.0,direct,,1,2024-10-31,5,True,49484,False,False,dynamic,True
DEP-0321,APP-007,KYC-DocumentService,beautifulsoup4,4.10.11,pypi,GPL-3.0,direct,,1,2026-03-08,16,True,41154,False,False,dynamic,False
DEP-0322,APP-007,KYC-DocumentService,commons-collections:commons-collections,0.16.0,maven,BSD-3-Clause,transitive,,1,2023-01-17,1,False,23963,False,False,dynamic,False
DEP-0323,APP-007,KYC-DocumentService,commons-codec:commons-codec,1.6.3,maven,BSD-3-Clause,direct,,1,2021-04-23,9,False,42240,False,True,dynamic,False
DEP-0324,APP-007,KYC-DocumentService,com.h2database:h2,2.1.2,maven,PSF-2.0,transitive,,1,2021-10-25,10,False,8159,False,False,dynamic,False
DEP-0325,APP-007,KYC-DocumentService,org.yaml:snakeyaml,1.8.1,maven,MIT,transitive,,1,2024-02-15,3,False,28486,False,False,dynamic,False
DEP-0326,APP-007,KYC-DocumentService,mysql:mysql-connector-java,0.2.12,maven,Apache-2.0,direct,,1,2021-06-01,20,False,28872,False,True,dynamic,False
DEP-0327,APP-007,KYC-DocumentService,org.springframework:spring-core,0.2.12,maven,Apache-2.0,transitive,,1,2022-01-01,8,False,48031,False,False,dynamic,False
DEP-0328,APP-007,KYC-DocumentService,org.bouncycastle:bcprov-jdk15on,0.2.8,maven,ISC,direct,,1,2026-05-19,11,True,54756,False,False,dynamic,False
DEP-0329,APP-007,KYC-DocumentService,ch.qos.logback:logback-classic,2.1.9,maven,BSD-3-Clause,transitive,org.bouncycastle:bcprov-jdk15on,2,2026-03-08,2,False,33775,False,True,dynamic,False
DEP-0330,APP-007,KYC-DocumentService,org.slf4j:slf4j-api,0.19.4,maven,PSF-2.0,direct,,1,2026-04-02,7,True,24582,False,False,dynamic,False
DEP-0331,APP-007,KYC-DocumentService,org.springframework:spring-beans,3.4.0,maven,Apache-2.0,transitive,org.slf4j:slf4j-api,2,2026-06-24,15,True,46164,False,True,dynamic,False
DEP-0332,APP-007,KYC-DocumentService,org.springframework:spring-web,4.6.9,maven,Apache-2.0,direct,,1,2026-05-17,22,True,37544,False,False,dynamic,False
DEP-0333,APP-007,KYC-DocumentService,org.apache.struts:struts2-core,0.15.3,maven,Apache-2.0,transitive,org.springframework:spring-web,2,2021-10-24,1,False,12623,False,True,dynamic,False
DEP-0334,APP-007,KYC-DocumentService,org.quartz-scheduler:quartz,5.0.2,maven,EPL-2.0,direct,,1,2026-04-12,3,False,39678,False,False,dynamic,False
DEP-0335,APP-007,KYC-DocumentService,setuptools,5.0.12,pypi,LGPL-3.0,direct,,1,2026-05-20,20,True,36736,False,False,dynamic,False
DEP-0336,APP-007,KYC-DocumentService,boto3,2.14.10,pypi,MPL-2.0,direct,,1,2026-04-24,8,True,50015,False,False,dynamic,False
DEP-0337,APP-007,KYC-DocumentService,certifi,0.2.10,pypi,Unlicense,direct,,1,2026-05-04,21,True,6641,False,False,dynamic,False
DEP-0338,APP-007,KYC-DocumentService,cryptography,0.12.9,pypi,MIT,transitive,,1,2026-02-13,13,True,36539,False,True,dynamic,False
DEP-0339,APP-007,KYC-DocumentService,decode-uri-component,3.2.8,npm,LGPL-2.1,direct,,1,2026-06-18,18,True,5334,False,True,dynamic,False
DEP-0340,APP-007,KYC-DocumentService,nth-check,5.3.5,npm,Unlicense,direct,,1,2025-06-25,7,True,42750,False,True,dynamic,False
DEP-0341,APP-007,KYC-DocumentService,tornado,2.8.0,pypi,MPL-2.0,direct,,1,2026-04-07,7,True,2754,False,True,dynamic,False
DEP-0342,APP-007,KYC-DocumentService,react-dom,1.2.7,npm,PSF-2.0,transitive,,1,2026-01-22,7,True,2834,False,True,dynamic,False
DEP-0343,APP-007,KYC-DocumentService,glob-parent,3.13.1,npm,Unlicense,direct,,1,2024-12-20,9,True,30870,False,False,dynamic,False
DEP-0344,APP-007,KYC-DocumentService,lxml,0.20.5,pypi,BSD-3-Clause,direct,,1,2026-06-18,16,True,14213,False,False,dynamic,False
DEP-0345,APP-007,KYC-DocumentService,js-yaml,5.2.10,npm,LGPL-2.1,transitive,,1,2026-05-17,17,True,52694,False,True,dynamic,False
DEP-0346,APP-007,KYC-DocumentService,semver-regex,1.18.7,npm,BSD-2-Clause,direct,,1,2026-04-18,18,True,4945,False,False,dynamic,False
DEP-0347,APP-007,KYC-DocumentService,click,3.5.1,pypi,PSF-2.0,transitive,,1,2026-04-25,16,True,4407,False,False,dynamic,False
DEP-0348,APP-007,KYC-DocumentService,paramiko,2.6.9,pypi,Apache-2.0,transitive,,1,2026-06-16,15,True,13744,False,True,dynamic,False
DEP-0349,APP-007,KYC-DocumentService,certifi,3.16.4,pypi,Unlicense,transitive,,1,2026-05-04,21,True,6641,False,False,dynamic,False
DEP-0350,APP-007,KYC-DocumentService,click,2.3.9,pypi,PSF-2.0,transitive,,1,2026-04-25,16,True,4407,False,True,dynamic,False
DEP-0351,APP-008,InternalAnalytics-Dash,urllib3,0.0.1,pypi,MIT,direct,,1,2026-05-21,14,True,31249,False,False,dynamic,False
DEP-0352,APP-008,InternalAnalytics-Dash,pydantic,0.11.4,pypi,EPL-2.0,direct,,1,2026-01-20,13,True,5834,False,True,dynamic,False
DEP-0353,APP-008,InternalAnalytics-Dash,jinja2,1.9.4,pypi,GPL-3.0,direct,,1,2026-04-27,5,True,43934,False,False,dynamic,False
DEP-0354,APP-008,InternalAnalytics-Dash,django,2.8.6,pypi,ISC,direct,,1,2023-03-02,25,False,3662,False,True,dynamic,False
DEP-0355,APP-008,InternalAnalytics-Dash,scipy,1.3.5,pypi,LGPL-3.0,direct,,1,2022-05-14,22,False,29827,False,True,dynamic,False
DEP-0356,APP-008,InternalAnalytics-Dash,pyyaml,3.2.4,pypi,PSF-2.0,direct,,1,2025-11-03,17,True,45303,False,False,dynamic,False
DEP-0357,APP-008,InternalAnalytics-Dash,numpy,2.4.5,pypi,GPL-2.0,direct,,1,2026-06-03,18,True,18283,True,True,dynamic,False
DEP-0358,APP-008,InternalAnalytics-Dash,sqlalchemy,1.5.0,pypi,EPL-2.0,direct,,1,2025-06-12,20,True,55133,False,True,dynamic,False
DEP-0359,APP-008,InternalAnalytics-Dash,redis,2.11.0,pypi,PSF-2.0,direct,,1,2022-09-27,16,False,44532,False,True,dynamic,False
DEP-0360,APP-008,InternalAnalytics-Dash,flask,3.11.0,pypi,GPL-3.0,direct,,1,2023-02-10,4,False,43748,False,False,dynamic,False
DEP-0361,APP-008,InternalAnalytics-Dash,tar,5.16.4,npm,LGPL-3.0,transitive,,1,2026-03-02,16,True,31768,False,True,static,True
DEP-0362,APP-008,InternalAnalytics-Dash,shell-quote,4.17.3,npm,UNKNOWN,transitive,,1,2024-01-24,2,False,27391,False,True,dynamic,False
DEP-0363,APP-008,InternalAnalytics-Dash,starlette,1.8.9,pypi,UNKNOWN,transitive,,1,2026-04-09,18,True,4362,False,True,static,False
DEP-0364,APP-008,InternalAnalytics-Dash,fastapi,5.4.3,pypi,LGPL-2.1,direct,,1,2026-06-22,25,True,37660,False,True,static,True
DEP-0365,APP-008,InternalAnalytics-Dash,org.quartz-scheduler:quartz,1.6.1,maven,EPL-2.0,direct,,1,2026-04-12,3,False,39678,False,True,static,True
DEP-0366,APP-008,InternalAnalytics-Dash,marked,1.3.12,npm,EPL-2.0,direct,,1,2025-10-30,17,True,30861,False,True,static,True
DEP-0367,APP-008,InternalAnalytics-Dash,org.hibernate:hibernate-core,1.16.12,maven,GPL-2.0,direct,,1,2026-04-08,8,True,27723,False,False,dynamic,False
DEP-0368,APP-008,InternalAnalytics-Dash,protobuf,0.3.7,pypi,MIT,transitive,,1,2023-09-26,14,False,2839,False,False,dynamic,False
DEP-0369,APP-008,InternalAnalytics-Dash,aiohttp,0.16.8,pypi,Apache-2.0,transitive,,1,2024-02-01,12,False,57099,False,True,dynamic,False
DEP-0370,APP-008,InternalAnalytics-Dash,httpx,2.20.1,pypi,MPL-2.0,transitive,,1,2022-12-15,20,False,10334,False,False,dynamic,False
DEP-0371,APP-008,InternalAnalytics-Dash,pandas,2.17.1,pypi,PSF-2.0,transitive,,1,2022-12-25,22,False,58570,False,False,dynamic,False
DEP-0372,APP-008,InternalAnalytics-Dash,pycrypto,1.18.6,pypi,BSD-3-Clause,transitive,,1,2022-09-30,1,False,10905,False,True,dynamic,False
DEP-0373,APP-008,InternalAnalytics-Dash,pip,0.10.5,pypi,ISC,transitive,,1,2023-11-05,16,False,7117,False,True,dynamic,False
DEP-0374,APP-008,InternalAnalytics-Dash,boto3,5.4.0,pypi,MPL-2.0,direct,,1,2026-04-24,8,True,50015,False,False,dynamic,False
DEP-0375,APP-008,InternalAnalytics-Dash,matplotlib,3.1.8,pypi,BSD-2-Clause,transitive,boto3,2,2021-08-21,4,False,31819,False,True,dynamic,False
DEP-0376,APP-008,InternalAnalytics-Dash,click,3.10.10,pypi,PSF-2.0,direct,,1,2026-04-25,16,True,4407,False,False,dynamic,False
DEP-0377,APP-008,InternalAnalytics-Dash,werkzeug,2.6.0,pypi,GPL-3.0,transitive,click,2,2025-11-15,22,True,23236,False,False,dynamic,False
DEP-0378,APP-008,InternalAnalytics-Dash,lxml,1.9.8,pypi,BSD-3-Clause,direct,,1,2026-06-18,16,True,14213,False,False,dynamic,False
DEP-0379,APP-008,InternalAnalytics-Dash,scikit-learn,1.2.9,pypi,BSD-3-Clause,transitive,lxml,2,2025-09-22,16,True,15769,False,True,dynamic,False
DEP-0380,APP-008,InternalAnalytics-Dash,paramiko,0.13.5,pypi,Apache-2.0,direct,,1,2026-06-16,15,True,13744,False,False,dynamic,False
DEP-0381,APP-008,InternalAnalytics-Dash,idna,1.8.5,pypi,BSD-2-Clause,transitive,paramiko,2,2026-07-03,22,True,30052,False,True,dynamic,False
DEP-0382,APP-008,InternalAnalytics-Dash,cryptography,1.7.4,pypi,MIT,direct,,1,2026-02-13,13,True,36539,False,False,dynamic,False
DEP-0383,APP-008,InternalAnalytics-Dash,chardet,4.3.5,pypi,PSF-2.0,transitive,cryptography,2,2021-10-07,1,False,20291,False,False,dynamic,False
DEP-0384,APP-008,InternalAnalytics-Dash,certifi,3.5.8,pypi,Unlicense,transitive,,1,2026-05-04,21,True,6641,False,True,dynamic,False
DEP-0385,APP-008,InternalAnalytics-Dash,setuptools,0.2.4,pypi,LGPL-3.0,direct,,1,2026-05-20,20,True,36736,False,False,dynamic,False
DEP-0386,APP-008,InternalAnalytics-Dash,tornado,2.7.5,pypi,MPL-2.0,transitive,,1,2026-04-07,7,True,2754,False,True,dynamic,False
DEP-0387,APP-008,InternalAnalytics-Dash,org.bouncycastle:bcprov-jdk15on,0.19.1,maven,ISC,direct,,1,2026-05-19,11,True,54756,False,True,dynamic,False
DEP-0388,APP-008,InternalAnalytics-Dash,nth-check,5.7.6,npm,Unlicense,direct,,1,2025-06-25,7,True,42750,False,False,dynamic,False
DEP-0389,APP-008,InternalAnalytics-Dash,react-dom,4.18.3,npm,PSF-2.0,transitive,,1,2026-01-22,7,True,2834,False,True,dynamic,False
DEP-0390,APP-008,InternalAnalytics-Dash,org.slf4j:slf4j-api,2.4.0,maven,PSF-2.0,direct,,1,2026-04-02,7,True,24582,False,True,dynamic,False
DEP-0391,APP-008,InternalAnalytics-Dash,org.springframework.boot:spring-boot-starter-logging,1.20.6,maven,Apache-2.0,transitive,,1,2024-11-17,24,True,26390,False,True,dynamic,False
DEP-0392,APP-008,InternalAnalytics-Dash,org.springframework:spring-web,2.15.4,maven,Apache-2.0,transitive,,1,2026-05-17,22,True,37544,False,False,dynamic,False
DEP-0393,APP-008,InternalAnalytics-Dash,org.apache.logging.log4j:log4j-api,4.19.8,maven,Apache-2.0,transitive,,1,2025-12-12,22,True,3888,False,True,dynamic,False
DEP-0394,APP-008,InternalAnalytics-Dash,semver-regex,2.7.4,npm,BSD-2-Clause,transitive,,1,2026-04-18,18,True,4945,False,False,dynamic,False
DEP-0395,APP-008,InternalAnalytics-Dash,decode-uri-component,4.13.6,npm,LGPL-2.1,transitive,,1,2026-06-18,18,True,5334,False,True,dynamic,False
DEP-0396,APP-008,InternalAnalytics-Dash,js-yaml,1.20.5,npm,LGPL-2.1,direct,,1,2026-05-17,17,True,52694,False,False,dynamic,False
DEP-0397,APP-008,InternalAnalytics-Dash,glob-parent,1.14.2,npm,Unlicense,direct,,1,2024-12-20,9,True,30870,False,True,dynamic,False
DEP-0398,APP-008,InternalAnalytics-Dash,org.bouncycastle:bcprov-jdk15on,0.8.0,maven,ISC,transitive,,1,2026-05-19,11,True,54756,False,False,dynamic,False
DEP-0399,APP-008,InternalAnalytics-Dash,org.springframework.boot:spring-boot-starter-logging,0.17.8,maven,Apache-2.0,direct,,1,2024-11-17,24,True,26390,False,True,dynamic,False
DEP-0400,APP-008,InternalAnalytics-Dash,boto3,5.11.11,pypi,MPL-2.0,direct,,1,2026-04-24,8,True,50015,False,False,dynamic,False
DEP-0401,APP-009,DevOps-Toolchain,body-parser,0.5.2,npm,LGPL-2.1,direct,,1,2023-06-14,12,False,37262,False,True,dynamic,False
DEP-0402,APP-009,DevOps-Toolchain,async,1.4.8,npm,EPL-2.0,direct,,1,2023-07-30,25,False,3348,True,True,dynamic,False
DEP-0403,APP-009,DevOps-Toolchain,left-pad,1.14.1,npm,ISC,direct,,1,2023-05-10,1,False,15934,False,False,dynamic,False
DEP-0404,APP-009,DevOps-Toolchain,axios,2.0.4,npm,MIT,direct,,1,2023-12-31,5,False,12662,False,False,dynamic,False
DEP-0405,APP-009,DevOps-Toolchain,serialize-javascript,1.8.9,npm,LGPL-3.0,direct,,1,2026-06-11,22,True,35022,False,True,dynamic,False
DEP-0406,APP-009,DevOps-Toolchain,lodash,2.15.9,npm,MIT,direct,,1,2026-06-17,21,True,55210,False,False,dynamic,False
DEP-0407,APP-009,DevOps-Toolchain,tar,0.10.1,npm,LGPL-3.0,direct,,1,2026-03-02,16,True,31768,False,False,dynamic,False
DEP-0408,APP-009,DevOps-Toolchain,webpack,3.15.6,npm,AGPL-3.0,direct,,1,2026-04-07,9,True,49821,False,True,dynamic,False
DEP-0409,APP-009,DevOps-Toolchain,handlebars,2.7.3,npm,GPL-2.0,direct,,1,2021-01-26,23,False,40673,False,False,dynamic,False
DEP-0410,APP-009,DevOps-Toolchain,babel-core,4.6.2,npm,BSD-3-Clause,direct,,1,2026-02-20,20,True,29504,False,True,dynamic,False
DEP-0411,APP-009,DevOps-Toolchain,pydantic,0.1.5,pypi,EPL-2.0,transitive,,1,2026-01-20,13,True,5834,False,True,static,True
DEP-0412,APP-009,DevOps-Toolchain,js-yaml,2.18.5,npm,LGPL-2.1,transitive,,1,2026-05-17,17,True,52694,False,True,static,True
DEP-0413,APP-009,DevOps-Toolchain,flatmap-stream,5.18.12,npm,LGPL-3.0,direct,,1,2021-02-08,1,False,21533,False,False,static,True
DEP-0414,APP-009,DevOps-Toolchain,org.quartz-scheduler:quartz,3.6.12,maven,EPL-2.0,direct,,1,2026-04-12,3,False,39678,False,False,static,True
DEP-0415,APP-009,DevOps-Toolchain,marked,0.4.0,npm,EPL-2.0,direct,,1,2025-10-30,17,True,30861,False,True,static,True
DEP-0416,APP-009,DevOps-Toolchain,sqlalchemy,6.17.2,pypi,EPL-2.0,direct,,1,2025-06-12,20,True,55133,False,True,static,True
DEP-0417,APP-009,DevOps-Toolchain,ansi-regex,1.13.0,npm,GPL-2.0,direct,,1,2026-06-15,3,False,1233,False,True,dynamic,False
DEP-0418,APP-009,DevOps-Toolchain,event-stream,0.10.5,npm,BSD-2-Clause,transitive,,1,2023-11-27,1,False,7586,False,True,dynamic,False
DEP-0419,APP-009,DevOps-Toolchain,jsonwebtoken,5.9.6,npm,Unlicense,transitive,,1,2023-12-04,5,False,58263,False,False,dynamic,False
DEP-0420,APP-009,DevOps-Toolchain,xmldom,2.3.2,npm,Unlicense,transitive,,1,2023-05-22,1,False,48221,False,True,dynamic,False
DEP-0421,APP-009,DevOps-Toolchain,ws,3.13.8,npm,Apache-2.0,transitive,,1,2023-02-10,19,False,20568,False,True,dynamic,False
DEP-0422,APP-009,DevOps-Toolchain,express,3.16.6,npm,Apache-2.0,direct,,1,2021-09-12,3,False,11045,False,True,dynamic,False
DEP-0423,APP-009,DevOps-Toolchain,underscore,3.0.11,npm,Apache-2.0,direct,,1,2024-05-24,1,False,56773,False,True,dynamic,False
DEP-0424,APP-009,DevOps-Toolchain,decode-uri-component,3.20.7,npm,LGPL-2.1,direct,,1,2026-06-18,18,True,5334,False,False,dynamic,False
DEP-0425,APP-009,DevOps-Toolchain,socket.io,2.12.6,npm,Apache-2.0,transitive,decode-uri-component,2,2025-11-21,2,False,8501,False,True,dynamic,False
DEP-0426,APP-009,DevOps-Toolchain,react-dom,2.16.2,npm,PSF-2.0,direct,,1,2026-01-22,7,True,2834,False,False,dynamic,False
DEP-0427,APP-009,DevOps-Toolchain,shell-quote,0.2.3,npm,UNKNOWN,transitive,react-dom,2,2024-01-24,2,False,27391,False,False,dynamic,False
DEP-0428,APP-009,DevOps-Toolchain,semver-regex,0.19.12,npm,BSD-2-Clause,direct,,1,2026-04-18,18,True,4945,False,False,dynamic,False
DEP-0429,APP-009,DevOps-Toolchain,minimist,0.13.5,npm,Apache-2.0,transitive,semver-regex,2,2026-05-24,18,True,10682,False,False,dynamic,False
DEP-0430,APP-009,DevOps-Toolchain,nth-check,1.1.12,npm,Unlicense,direct,,1,2025-06-25,7,True,42750,False,False,dynamic,False
DEP-0431,APP-009,DevOps-Toolchain,cookie-parser,2.12.3,npm,MPL-2.0,transitive,nth-check,2,2024-12-19,9,True,19387,False,False,dynamic,False
DEP-0432,APP-009,DevOps-Toolchain,glob-parent,1.12.2,npm,Unlicense,direct,,1,2024-12-20,9,True,30870,False,False,dynamic,False
DEP-0433,APP-009,DevOps-Toolchain,vm2,0.15.8,npm,MIT,transitive,glob-parent,2,2026-02-01,7,True,57359,False,False,dynamic,False
DEP-0434,APP-009,DevOps-Toolchain,tornado,2.0.3,pypi,MPL-2.0,direct,,1,2026-04-07,7,True,2754,False,False,dynamic,False
DEP-0435,APP-009,DevOps-Toolchain,click,2.0.3,pypi,PSF-2.0,transitive,,1,2026-04-25,16,True,4407,False,False,dynamic,False
DEP-0436,APP-009,DevOps-Toolchain,org.springframework.boot:spring-boot-starter-logging,4.14.0,maven,Apache-2.0,transitive,,1,2024-11-17,24,True,26390,False,False,dynamic,False
DEP-0437,APP-009,DevOps-Toolchain,lxml,5.7.2,pypi,BSD-3-Clause,direct,,1,2026-06-18,16,True,14213,False,False,dynamic,False
DEP-0438,APP-009,DevOps-Toolchain,org.springframework:spring-web,0.10.5,maven,Apache-2.0,direct,,1,2026-05-17,22,True,37544,False,True,dynamic,False
DEP-0439,APP-009,DevOps-Toolchain,org.bouncycastle:bcprov-jdk15on,1.12.11,maven,ISC,transitive,,1,2026-05-19,11,True,54756,False,False,dynamic,False
DEP-0440,APP-009,DevOps-Toolchain,setuptools,3.15.12,pypi,LGPL-3.0,direct,,1,2026-05-20,20,True,36736,False,False,dynamic,False
DEP-0441,APP-009,DevOps-Toolchain,org.slf4j:slf4j-api,4.14.7,maven,PSF-2.0,direct,,1,2026-04-02,7,True,24582,False,True,dynamic,False
DEP-0442,APP-009,DevOps-Toolchain,paramiko,3.19.11,pypi,Apache-2.0,direct,,1,2026-06-16,15,True,13744,False,False,dynamic,False
DEP-0443,APP-009,DevOps-Toolchain,boto3,0.0.7,pypi,MPL-2.0,direct,,1,2026-04-24,8,True,50015,False,False,dynamic,False
DEP-0444,APP-009,DevOps-Toolchain,certifi,0.8.4,pypi,Unlicense,direct,,1,2026-05-04,21,True,6641,False,True,dynamic,False
DEP-0445,APP-009,DevOps-Toolchain,cryptography,3.2.7,pypi,MIT,direct,,1,2026-02-13,13,True,36539,False,True,dynamic,False
DEP-0446,APP-009,DevOps-Toolchain,org.apache.logging.log4j:log4j-api,3.19.1,maven,Apache-2.0,direct,,1,2025-12-12,22,True,3888,False,True,dynamic,False
DEP-0447,APP-009,DevOps-Toolchain,org.springframework:spring-web,4.9.9,maven,Apache-2.0,direct,,1,2026-05-17,22,True,37544,False,True,dynamic,False
DEP-0448,APP-009,DevOps-Toolchain,setuptools,0.17.8,pypi,LGPL-3.0,direct,,1,2026-05-20,20,True,36736,False,True,dynamic,False
DEP-0449,APP-009,DevOps-Toolchain,setuptools,3.19.10,pypi,LGPL-3.0,direct,,1,2026-05-20,20,True,36736,False,True,dynamic,False
DEP-0450,APP-009,DevOps-Toolchain,org.slf4j:slf4j-api,5.0.12,maven,PSF-2.0,transitive,,1,2026-04-02,7,True,24582,False,True,dynamic,False
DEP-0451,APP-010,LegacyLoans-Core,org.springframework.boot:spring-boot-starter-web,2.5.4,maven,Apache-2.0,direct,,1,2026-04-15,11,True,55198,False,False,dynamic,False
DEP-0452,APP-010,LegacyLoans-Core,org.springframework.boot:spring-boot-starter-logging,2.5.4,maven,Apache-2.0,transitive,org.springframework.boot:spring-boot-starter-web,2,2024-11-17,24,True,26390,False,False,dynamic,False
DEP-0453,APP-010,LegacyLoans-Core,org.apache.logging.log4j:log4j-core,2.14.1,maven,Apache-2.0,transitive,org.springframework.boot:spring-boot-starter-logging,3,2023-10-13,8,False,544,False,True,dynamic,False
DEP-0454,APP-010,LegacyLoans-Core,org.apache.logging.log4j:log4j-api,2.14.1,maven,Apache-2.0,transitive,org.springframework.boot:spring-boot-starter-logging,3,2025-12-12,22,True,3888,False,False,dynamic,False
DEP-0455,APP-010,LegacyLoans-Core,com.fasterxml.jackson.core:jackson-core,3.6.9,maven,LGPL-2.1,direct,,1,2023-05-07,11,False,43199,False,False,dynamic,False
DEP-0456,APP-010,LegacyLoans-Core,io.netty:netty-handler,4.11.7,maven,Apache-2.0,direct,,1,2025-10-29,20,True,25535,False,False,dynamic,False
DEP-0457,APP-010,LegacyLoans-Core,ch.qos.logback:logback-classic,1.7.5,maven,BSD-3-Clause,direct,,1,2026-03-08,2,False,33775,True,True,dynamic,False
DEP-0458,APP-010,LegacyLoans-Core,xerces:xercesImpl,2.15.5,maven,Unlicense,direct,,1,2022-07-19,1,False,42387,False,True,dynamic,False
DEP-0459,APP-010,LegacyLoans-Core,io.jsonwebtoken:jjwt,2.0.0,maven,AGPL-3.0,direct,,1,2025-06-02,5,True,54696,False,True,dynamic,False
DEP-0460,APP-010,LegacyLoans-Core,org.springframework:spring-beans,3.3.4,maven,Apache-2.0,direct,,1,2026-06-24,15,True,46164,False,True,dynamic,False
DEP-0461,APP-010,LegacyLoans-Core,org.apache.struts:struts2-core,2.2.7,maven,Apache-2.0,direct,,1,2021-10-24,1,False,12623,False,True,dynamic,False
DEP-0462,APP-010,LegacyLoans-Core,org.apache.commons:commons-text,1.8.2,maven,Apache-2.0,direct,,1,2024-05-18,13,False,5506,False,False,dynamic,False
DEP-0463,APP-010,LegacyLoans-Core,org.thymeleaf:thymeleaf,2.4.7,maven,BSD-2-Clause,direct,,1,2023-07-16,25,False,50452,True,True,dynamic,False
DEP-0464,APP-010,LegacyLoans-Core,com.google.guava:guava,5.10.8,maven,BSD-2-Clause,direct,,1,2023-03-04,12,False,19129,True,False,dynamic,False
DEP-0465,APP-010,LegacyLoans-Core,commons-io:commons-io,2.13.2,maven,UNKNOWN,direct,,1,2023-10-28,13,False,4103,False,False,dynamic,False
DEP-0466,APP-010,LegacyLoans-Core,httpx,5.4.0,pypi,MPL-2.0,direct,,1,2022-12-15,20,False,10334,False,False,static,True
DEP-0467,APP-010,LegacyLoans-Core,boto3,1.14.0,pypi,MPL-2.0,direct,,1,2026-04-24,8,True,50015,False,True,static,True
DEP-0468,APP-010,LegacyLoans-Core,webpack,6.16.2,npm,AGPL-3.0,direct,,1,2026-04-07,9,True,49821,False,True,dynamic,False
DEP-0469,APP-010,LegacyLoans-Core,tar,5.18.3,npm,LGPL-3.0,transitive,,1,2026-03-02,16,True,31768,False,False,static,True
DEP-0470,APP-010,LegacyLoans-Core,shell-quote,4.18.5,npm,UNKNOWN,direct,,1,2024-01-24,2,False,27391,False,False,static,False
DEP-0471,APP-010,LegacyLoans-Core,react,5.0.6,npm,GPL-2.0,direct,,1,2023-05-24,25,False,125,False,True,dynamic,False
DEP-0472,APP-010,LegacyLoans-Core,commons-collections:commons-collections,0.8.3,maven,BSD-3-Clause,transitive,,1,2023-01-17,1,False,23963,False,False,dynamic,False
DEP-0473,APP-010,LegacyLoans-Core,org.yaml:snakeyaml,2.1.1,maven,MIT,transitive,,1,2024-02-15,3,False,28486,False,True,dynamic,False
DEP-0474,APP-010,LegacyLoans-Core,mysql:mysql-connector-java,0.15.6,maven,Apache-2.0,direct,,1,2021-06-01,20,False,28872,False,False,dynamic,False
DEP-0475,APP-010,LegacyLoans-Core,com.h2database:h2,3.8.3,maven,PSF-2.0,transitive,,1,2021-10-25,10,False,8159,False,False,dynamic,False
DEP-0476,APP-010,LegacyLoans-Core,commons-codec:commons-codec,3.12.4,maven,BSD-3-Clause,transitive,,1,2021-04-23,9,False,42240,False,False,dynamic,False
DEP-0477,APP-010,LegacyLoans-Core,org.springframework:spring-core,4.16.1,maven,Apache-2.0,direct,,1,2022-01-01,8,False,48031,False,False,dynamic,False
DEP-0478,APP-010,LegacyLoans-Core,org.quartz-scheduler:quartz,5.6.1,maven,EPL-2.0,direct,,1,2026-04-12,3,False,39678,False,False,dynamic,False
DEP-0479,APP-010,LegacyLoans-Core,com.fasterxml.jackson.core:jackson-databind,2.5.9,maven,Apache-2.0,transitive,org.quartz-scheduler:quartz,2,2023-04-25,19,False,20278,False,False,dynamic,False
DEP-0480,APP-010,LegacyLoans-Core,org.slf4j:slf4j-api,0.13.11,maven,PSF-2.0,direct,,1,2026-04-02,7,True,24582,False,False,dynamic,False
DEP-0481,APP-010,LegacyLoans-Core,org.hibernate:hibernate-core,2.6.5,maven,GPL-2.0,transitive,org.slf4j:slf4j-api,2,2026-04-08,8,True,27723,False,True,dynamic,False
DEP-0482,APP-010,LegacyLoans-Core,org.bouncycastle:bcprov-jdk15on,1.2.7,maven,ISC,direct,,1,2026-05-19,11,True,54756,False,False,dynamic,False
DEP-0483,APP-010,LegacyLoans-Core,org.dom4j:dom4j,0.2.3,maven,BSD-3-Clause,transitive,org.bouncycastle:bcprov-jdk15on,2,2021-05-24,1,False,44458,False,True,dynamic,False
DEP-0484,APP-010,LegacyLoans-Core,org.springframework:spring-web,3.15.12,maven,Apache-2.0,direct,,1,2026-05-17,22,True,37544,False,True,dynamic,False
DEP-0485,APP-010,LegacyLoans-Core,decode-uri-component,3.11.0,npm,LGPL-2.1,direct,,1,2026-06-18,18,True,5334,False,True,dynamic,False
DEP-0486,APP-010,LegacyLoans-Core,js-yaml,3.20.11,npm,LGPL-2.1,direct,,1,2026-05-17,17,True,52694,False,True,dynamic,False
DEP-0487,APP-010,LegacyLoans-Core,certifi,1.2.4,pypi,Unlicense,direct,,1,2026-05-04,21,True,6641,False,False,dynamic,False
DEP-0488,APP-010,LegacyLoans-Core,lxml,1.18.8,pypi,BSD-3-Clause,transitive,,1,2026-06-18,16,True,14213,False,False,dynamic,False
DEP-0489,APP-010,LegacyLoans-Core,tornado,3.4.5,pypi,MPL-2.0,direct,,1,2026-04-07,7,True,2754,False,True,dynamic,False
DEP-0490,APP-010,LegacyLoans-Core,semver-regex,5.4.4,npm,BSD-2-Clause,direct,,1,2026-04-18,18,True,4945,False,True,dynamic,False
DEP-0491,APP-010,LegacyLoans-Core,nth-check,0.14.3,npm,Unlicense,transitive,,1,2025-06-25,7,True,42750,False,False,dynamic,False
DEP-0492,APP-010,LegacyLoans-Core,setuptools,3.9.12,pypi,LGPL-3.0,direct,,1,2026-05-20,20,True,36736,False,True,dynamic,False
DEP-0493,APP-010,LegacyLoans-Core,glob-parent,2.11.11,npm,Unlicense,direct,,1,2024-12-20,9,True,30870,False,False,dynamic,False
DEP-0494,APP-010,LegacyLoans-Core,cryptography,5.20.4,pypi,MIT,direct,,1,2026-02-13,13,True,36539,False,False,dynamic,False
DEP-0495,APP-010,LegacyLoans-Core,click,0.3.0,pypi,PSF-2.0,transitive,,1,2026-04-25,16,True,4407,False,False,dynamic,False
DEP-0496,APP-010,LegacyLoans-Core,react-dom,4.20.1,npm,PSF-2.0,transitive,,1,2026-01-22,7,True,2834,False,True,dynamic,False
DEP-0497,APP-010,LegacyLoans-Core,paramiko,4.11.10,pypi,Apache-2.0,transitive,,1,2026-06-16,15,True,13744,False,True,dynamic,False
DEP-0498,APP-010,LegacyLoans-Core,paramiko,3.8.11,pypi,Apache-2.0,direct,,1,2026-06-16,15,True,13744,False,True,dynamic,False
DEP-0499,APP-010,LegacyLoans-Core,cryptography,1.1.12,pypi,MIT,direct,,1,2026-02-13,13,True,36539,False,False,dynamic,False
DEP-0500,APP-010,LegacyLoans-Core,js-yaml,1.20.8,npm,LGPL-2.1,direct,,1,2026-05-17,17,True,52694,False,False,dynamic,False
